{
  "project_info": {
    "project_number": "623428991187",
    "project_id": "my-application-ee351",
    "storage_bucket": "my-application-ee351.appspot.com"
  },
  "client": [
    {
      "client_info": {
        "mobilesdk_app_id": "1:623428991187:android:e7aa4536d77a43c266bc26",
        "android_client_info": {
          "package_name": "com.example.myapplication"
        }
      },
      "oauth_client": [
        {
          "client_id": "623428991187-ur0urf55v0gknlut2r0qmvmico95bt88.apps.googleusercontent.com",
          "client_type": 3
        }
      ],
      "api_key": [
        {
          "current_key": "AIzaSyCwdQQKQpu0ro19yCb7unrhkck8M39Acs8"
        }
      ],
      "services": {
        "appinvite_service": {
          "other_platform_oauth_client": [
            {
              "client_id": "623428991187-ur0urf55v0gknlut2r0qmvmico95bt88.apps.googleusercontent.com",
              "client_type": 3
            }
          ]
        }
      }
    }
  ],
  "configuration_version": "1"
}